snapshot_time_utc,ticker,slug,expiry,strike,spot_price,moneyness_pct,T_days,implied_volatility,yes_price,no_price,rn_yes,rn_no,delta_p_yes,delta_p_no,edge_yes,edge_no,best_side,ΔP,time_normalized_ΔP,rank_ΔP,market_id,condition_id,yes_token_id,no_token_id,market_question,yes_price_source,no_price_source
2026-01-16 19:58:25.405534+00:00,AAPL,aapl-above-on-january-16-2026,2026-01-16 21:00:00+00:00,255.0,256.5799866,0.6196026,0.0427615,1e-05,0.5025,0.4975,1.0,0.0,-0.4975,0.4975,0.4975,-0.4975,BUY_YES,0.4975,24.875,1.0,1146463,0xfe9c28a2c38ce6c3b492b6043ae7754323a375728172e82a829e4a01aa8b4c46,115055560880908047521526756986360470431570704760876462332499500118659267992162,110462521475739311316802916021744846048819012837400483204376871453449104329242,Will Apple (AAPL) finish week of January 12 above $255?,clob_midpoint,clob_midpoint
2026-01-16 19:58:25.405534+00:00,AAPL,aapl-above-on-january-16-2026,2026-01-16 21:00:00+00:00,250.0,256.5799866,2.6319946,0.0427615,1e-05,0.935,0.065,1.0,0.0,-0.065,0.065,0.065,-0.065,BUY_YES,0.065,3.25,2.0,1146461,0xd24b0f8d619dd2f807983de54235a75b9dbb2550bda7b741d00b8f7b58f67064,27112156756594771198446863955090483710951760725342327525011415751362880403924,3028026299328797282532619418283060198238926695580089917056018978006477403265,Will Apple (AAPL) finish week of January 12 above $250?,clob_midpoint,clob_midpoint
2026-01-16 19:58:25.405534+00:00,AAPL,aapl-above-on-january-16-2026,2026-01-16 21:00:00+00:00,260.0,256.5799866,-1.3153898,0.0427615,0.1328212,0.055,0.945,0.0,1.0,0.055,-0.055,-0.055,0.055,BUY_NO,0.055,0.4140905,3.0,1146465,0x04a11d316b795abaf8ea0e291f86889d35949e6cd6c502b2b4b801fb4bddaf1b,72625041936548613072169756136850559397789124300823312061865522167577969047029,67805581059136202276800520369764082145057127240902276115435973350381493209506,Will Apple (AAPL) finish week of January 12 above $260?,clob_midpoint,clob_midpoint
2026-01-16 19:58:25.405534+00:00,AAPL,aapl-above-on-january-16-2026,2026-01-16 21:00:00+00:00,265.0,256.5799866,-3.1773636,0.0427615,0.2578199,0.0535,0.9465,0.0,1.0,0.0535,-0.0535,-0.0535,0.0535,BUY_NO,0.0535,0.2075092,4.0,1146467,0x5c9c6eb2d98e8705e2621ad13a9cd4391476d7bb975f99dca5078863ee217a88,17747111555636814030635215239563145278798836990139656166271525174430616238542,83518218713550548238723868022464341511752770967323300747759082631202733643945,Will Apple (AAPL) finish week of January 12 above $265?,clob_midpoint,clob_midpoint
2026-01-16 19:58:25.405534+00:00,AAPL,aapl-above-on-january-16-2026,2026-01-16 21:00:00+00:00,270.0,256.5799866,-4.9703753,0.0427615,0.3828187,0.0455,0.9545,0.0,1.0,0.0455,-0.0455,-0.0455,0.0455,BUY_NO,0.0455,0.1188552,5.0,1146469,0x0abce928fb8dffeace2b90887b43e60a21af43982f7cbfc5ecc8e7d14191401d,86786477933541797083097956903360089570818665235013176353312722049445096203498,79710333098569856510248455295071638679096987682219593572541302097232751688488,Will Apple (AAPL) finish week of January 12 above $270?,clob_midpoint,clob_midpoint
2026-01-16 19:58:25.405534+00:00,AAPL,aapl-above-on-january-16-2026,2026-01-16 21:00:00+00:00,230.0,256.5799866,11.5565159,0.0427615,1e-05,0.965,0.035,1.0,0.0,-0.035,0.035,0.035,-0.035,BUY_YES,0.035,1.75,6.0,1146454,0x54d2ada3db518f18cea3527d5aac5692ef5b7ac7de214e7094777e1e7780d2ba,81147198265970526495095929465964563315630120171236508977337417679183720604289,93101502003687542256983579530434251419483612317944193980999772727293386571209,Will Apple (AAPL) finish week of January 12 above $230?,clob_midpoint,clob_midpoint
2026-01-16 19:58:25.405534+00:00,AAPL,aapl-above-on-january-16-2026,2026-01-16 21:00:00+00:00,245.0,256.5799866,4.7265251,0.0427615,1e-05,0.9845,0.0155,1.0,0.0,-0.0155,0.0155,0.0155,-0.0155,BUY_YES,0.0155,0.775,7.0,1146460,0x462e8b2b44f31fb12f09e91456f73479a1f8e7064f2d8a778f6159b9ef99cdd4,18825040317821910400796699251533796264783208645764523879757972652837160593860,114588789377882975712475985460740439147538620305161407047701911926647484284511,Will Apple (AAPL) finish week of January 12 above $245?,clob_midpoint,clob_midpoint
2026-01-16 19:58:25.405534+00:00,AAPL,aapl-above-on-january-16-2026,2026-01-16 21:00:00+00:00,275.0,256.5799866,-6.6981867,0.0427615,0.5078174,0.015,0.985,0.0,1.0,0.015,-0.015,-0.015,0.015,BUY_NO,0.015,0.0295382,8.0,1146471,0x92aa005240da0bf9ecf68591b73ac0133566d6081140a01c371d4a111747ab25,39014545768183364841120910953005875979666013084100391277846934186612491925657,83995662316706294801504171760318984786298867641792500503264780245675197108738,Will Apple (AAPL) finish week of January 12 above $275?,clob_midpoint,clob_midpoint
2026-01-16 19:58:25.405534+00:00,AAPL,aapl-above-on-january-16-2026,2026-01-16 21:00:00+00:00,240.0,256.5799866,6.9083277,0.0427615,1e-05,0.99,0.01,1.0,0.0,-0.01,0.01,0.01,-0.01,BUY_YES,0.01,0.5,9.0,1146458,0x3d5da6dc79ba89210b3f6569a4055e35a85d1fab9ce940b7c88f9569b71648e3,84885088304314509179265916174341293966511361326552567303165041525832722200618,44505767915476577297466806170927631067782456702743937762059655538223270074978,Will Apple (AAPL) finish week of January 12 above $240?,clob_midpoint,clob_midpoint
2026-01-16 19:58:25.405534+00:00,AAPL,aapl-above-on-january-16-2026,2026-01-16 21:00:00+00:00,235.0,256.5799866,9.182973,0.0427615,1e-05,0.9965,0.0035,1.0,0.0,-0.0035,0.0035,0.0035,-0.0035,BUY_YES,0.0035,0.175,10.0,1146456,0x8755ee4cd92ff0a801902121172552cb90b0b940d449fb83b011dd60e30d3aae,74637196712440938651437955465607671413053904026627481275621716297781939412426,6005606063547824630245779799466835647755928477540682928295371079082487501193,Will Apple (AAPL) finish week of January 12 above $235?,clob_midpoint,clob_midpoint
2026-01-16 19:58:25.405534+00:00,AAPL,aapl-above-on-january-16-2026,2026-01-16 21:00:00+00:00,280.0,256.5799866,-8.3642905,0.0427615,0.5781292,0.0005,0.9995,0.0,1.0,0.0005,-0.0005,-0.0005,0.0005,BUY_NO,0.0005,0.0008649,11.0,1146474,0x8bfc4299fd4e2d971149aa3c3b2e76240690a585b9151009b49b4c2f8145e3a7,51953260825203607556403037177013814347519138675795900839273184057729258289957,1496838293258509255663679814877025758481079236995456323421016003411910425295,Will Apple (AAPL) finish week of January 12 above $280?,clob_midpoint,clob_midpoint
2026-01-16 19:58:25.405534+00:00,AAPL,aapl-above-on-january-16-2026,2026-01-16 21:00:00+00:00,285.0,256.5799866,-9.9719345,0.0427615,0.6875031,0.0005,0.9995,0.0,1.0,0.0005,-0.0005,-0.0005,0.0005,BUY_NO,0.0005,0.0007273,11.0,1146476,0xe341de31284a73f37daf3d92bab9b360aabadec08c0915b30d521dd39f81b63e,24646586252432910540841913592787580072071008692783163531448537453275532486976,85615229960802053357027554390079588744336963344637939864582004122638632447603,Will Apple (AAPL) finish week of January 12 above $285?,clob_midpoint,clob_midpoint
2026-01-16 19:58:25.405534+00:00,AAPL,aapl-above-on-january-16-2026,2026-01-16 21:00:00+00:00,290.0,256.5799866,-11.5241426,0.0427615,0.7812522,0.0005,0.9995,0.0,1.0,0.0005,-0.0005,-0.0005,0.0005,BUY_NO,0.0005,0.00064,11.0,1146477,0x70517a6308b3a166dbe2c03f94a4c4ec777bbf0409345cc171feed016be02e3a,13586428302680277624401620512640209500579481615622798733640256547946655547720,57774246787418819206737241250455356220189707929963922851077674363339732548845,Will Apple (AAPL) finish week of January 12 above $290?,clob_midpoint,clob_midpoint
2026-01-16 19:58:25.405534+00:00,AMZN,amzn-above-on-january-16-2026,2026-01-16 21:00:00+00:00,255.0,238.0899963,-6.631374,0.0427615,0.5078174,0.471,0.529,0.0,1.0,0.471,-0.471,-0.471,0.471,BUY_NO,0.471,0.9274987,1.0,1146536,0x068c14ad87de19b5f2b694a2d30c334fcf306a22b950764a398207bc144976cf,67675071991105999541991964276755185257156616005646673585024047267887666049368,36907861628900379914746788922770221827379972770292535307975985834712051608421,Will Amazon (AMZN) finish week of January 12 above $255?,clob_midpoint,clob_midpoint
2026-01-16 19:58:25.405534+00:00,AMZN,amzn-above-on-january-16-2026,2026-01-16 21:00:00+00:00,240.0,238.0899963,-0.7958349,0.0427615,0.0976653,0.44,0.56,0.0,1.0,0.44,-0.44,-0.44,0.44,BUY_NO,0.44,4.5051825,2.0,1146533,0x92bd654514ef1f9699a46a921dd8198df97d9fa781e5340bca128b2f6e4e50bf,75470259665810817819884289847013828023279256471172716202403886450890134926309,14887033834965330948565864642021371380048860997635655274989669492713625831968,Will Amazon (AMZN) finish week of January 12 above $240?,clob_midpoint,clob_midpoint
2026-01-16 19:58:25.405534+00:00,AMZN,amzn-above-on-january-16-2026,2026-01-16 21:00:00+00:00,235.0,238.0899963,1.3148921,0.0427615,1e-05,0.889,0.111,1.0,0.0,-0.111,0.111,0.111,-0.111,BUY_YES,0.111,5.55,3.0,1146532,0xbb97cb5c80cddd7fad7a3b44a946c2435a332dc06425cad07571203b3a50d8e6,107906745511992908693369038410908217965307562484873632758346143736139339016547,111428305319315515151614004247299600964313408699433842430227913717008670226534,Will Amazon (AMZN) finish week of January 12 above $235?,clob_midpoint,clob_midpoint
2026-01-16 19:58:25.405534+00:00,AMZN,amzn-above-on-january-16-2026,2026-01-16 21:00:00+00:00,245.0,238.0899963,-2.8204097,0.0427615,0.2578199,0.0555,0.9445,0.0,1.0,0.0555,-0.0555,-0.0555,0.0555,BUY_NO,0.0555,0.2152665,4.0,1146534,0x11fb4a4d88750c5b19c8d8db346d90e7ccceecf71c40bce5884b5cb070ba0379,88323495310590784220171439163424861172445153660230694633372270798372970414046,106326795778240795198296597506548186495915449600049237725760496870150167384571,Will Amazon (AMZN) finish week of January 12 above $245?,clob_midpoint,clob_midpoint
2026-01-16 19:58:25.405534+00:00,AMZN,amzn-above-on-january-16-2026,2026-01-16 21:00:00+00:00,225.0,238.0899963,5.8177762,0.0427615,1e-05,0.97,0.03,1.0,0.0,-0.03,0.03,0.03,-0.03,BUY_YES,0.03,1.5,5.0,1146530,0xa4070e93ad6bba8ac2a5f64170aaaf389643a3a8e45f8b85d9497e6ecc13823f,51010554916338950069647796488902144326179605393916765279783020458291015041065,103750381436031902774150017541699782063748230342842353566584342728082990613224,Will Amazon (AMZN) finish week of January 12 above $225?,clob_midpoint,clob_midpoint
2026-01-16 19:58:25.405534+00:00,AMZN,amzn-above-on-january-16-2026,2026-01-16 21:00:00+00:00,250.0,238.0899963,-4.7640015,0.0427615,0.3750062,0.0255,0.9745,0.0,1.0,0.0255,-0.0255,-0.0255,0.0255,BUY_NO,0.0255,0.0679989,6.0,1146535,0x75f8423bed0b8bbcba2553a7e8aa396460d4f67aa0d60c8e7810fe4a98b75333,70703381462027503941651902590598773753861894720361791160666059324659366162170,25886742009575959316329278853666424181898058064577066146206918088490226349077,Will Amazon (AMZN) finish week of January 12 above $250?,clob_midpoint,clob_midpoint
2026-01-16 19:58:25.405534+00:00,AMZN,amzn-above-on-january-16-2026,2026-01-16 21:00:00+00:00,215.0,238.0899963,10.7395332,0.0427615,1e-05,0.98,0.02,1.0,0.0,-0.02,0.02,0.02,-0.02,BUY_YES,0.02,1.0,7.0,1146528,0x15927d2947de481a8e7db7ca027ceb9b2e5747d2ff3fd9bc5f10b9f3e6571db7,110914641778939130594725803774902498196723433738071423297137897669312433116230,33209911893578814896957201585072209551100087561196835229216730907326254920916,Will Amazon (AMZN) finish week of January 12 above $215?,clob_midpoint,clob_midpoint
2026-01-16 19:58:25.405534+00:00,AMZN,amzn-above-on-january-16-2026,2026-01-16 21:00:00+00:00,230.0,238.0899963,3.5173897,0.0427615,1e-05,0.99,0.01,1.0,0.0,-0.01,0.01,0.01,-0.01,BUY_YES,0.01,0.5,8.0,1146531,0x3cb5c12a278339f37d0d2c69c10a88febe3040baa25785b28b20ec164db08f35,16879917225108166380741337878673533615379532340469181487461840398327019411546,66903247682403689199353803355810266897405170506547630851047412588381583108631,Will Amazon (AMZN) finish week of January 12 above $230?,clob_midpoint,clob_midpoint
2026-01-16 19:58:25.405534+00:00,AMZN,amzn-above-on-january-16-2026,2026-01-16 21:00:00+00:00,260.0,238.0899963,-8.4269245,0.0427615,0.5937541,0.01,0.99,0.0,1.0,0.01,-0.01,-0.01,0.01,BUY_NO,0.01,0.016842,8.0,1146537,0xc73e7bea2f2a2dcc4247b14e43a642a6985fa5525af9bd31f2126826ee095c4b,94610592742345347453925027564373429072244444102821465053673700644212904881439,52154716011733179105255410922191991324123212020392018088851601597579524882626,Will Amazon (AMZN) finish week of January 12 above $260?,clob_midpoint,clob_midpoint
2026-01-16 19:58:25.405534+00:00,AMZN,amzn-above-on-january-16-2026,2026-01-16 21:00:00+00:00,270.0,238.0899963,-11.8185199,0.0427615,0.8125019,0.01,0.99,0.0,1.0,0.01,-0.01,-0.01,0.01,BUY_NO,0.01,0.0123077,8.0,1146539,0x53d28ca5751f174cfaa5aea4531530120c6d5c00247e44c56ed79273850ee114,59519608991772405392096481261281352513466017883650898848603305734489806847101,6312399167005015650475863329270819257011775082229393147153306661275964266384,Will Amazon (AMZN) finish week of January 12 above $270?,clob_midpoint,clob_midpoint
2026-01-16 19:58:25.405534+00:00,AMZN,amzn-above-on-january-16-2026,2026-01-16 21:00:00+00:00,220.0,238.0899963,8.2227256,0.0427615,1e-05,0.994,0.006,1.0,0.0,-0.006,0.006,0.006,-0.006,BUY_YES,0.006,0.3,9.0,1146529,0xe939e21c4a972551630f5336b3e209c2881007a042f557653e2366391196e380,28117835179947013550916869574817716748225889837979823560803094284227097779719,111073993953555629078828281428871125671355192659699465738161513297083318532779,Will Amazon (AMZN) finish week of January 12 above $220?,clob_midpoint,clob_midpoint
2026-01-16 19:58:25.405534+00:00,AMZN,amzn-above-on-january-16-2026,2026-01-16 21:00:00+00:00,265.0,238.0899963,-10.1547184,0.0427615,0.703128,0.001,0.999,0.0,1.0,0.001,-0.001,-0.001,0.001,BUY_NO,0.001,0.0014222,10.0,1146538,0x0cae28eb3f9ab1a30fa119661f8dd4970df5b8239af43ca430274978dbc6aca1,51803104059816191904554972463114195338627478484460679359331598190168462243504,7719261294194627429625249465589093579010543344496912012948244362697229247992,Will Amazon (AMZN) finish week of January 12 above $265?,clob_midpoint,clob_midpoint
2026-01-16 19:58:25.405534+00:00,AMZN,amzn-above-on-january-16-2026,2026-01-16 21:00:00+00:00,275.0,238.0899963,-13.4218195,0.0427615,0.9375006,0.0005,0.9995,0.0,1.0,0.0005,-0.0005,-0.0005,0.0005,BUY_NO,0.0005,0.0005333,11.0,1146540,0x15205351a20e9e6fe0bcc7d50678df27ba21183427a1c9766f1aa8f57eabc68d,55967514104201471915478457983000958326095890217335274849711635617892580115213,16087717349215796891577254675652130398432245552216965641970137041366528286120,Will Amazon (AMZN) finish week of January 12 above $275?,clob_midpoint,clob_midpoint
2026-01-16 19:58:25.405534+00:00,GOOGL,googl-above-on-january-16-2026,2026-01-16 21:00:00+00:00,330.0,329.7399902,-0.0787908,0.0427615,0.0483494,0.56,0.44,0.066776,0.933224,0.493224,-0.493224,-0.493224,0.493224,BUY_NO,0.493224,10.2012434,1.0,1146559,0x7bed2c036a2c554afa766beb984d879237bafdf23db93cfbbf0ee00076d4c4cc,114382732641352885252558526985702066492902739427649124873719762062154072079494,95001945731152814676846381775679401814522691671582952442917148692413246485600,Will Google (GOOGL) finish week of January 12 above $330?,clob_midpoint,clob_midpoint
2026-01-16 19:58:25.405534+00:00,GOOGL,googl-above-on-january-16-2026,2026-01-16 21:00:00+00:00,335.0,329.7399902,-1.5701522,0.0427615,0.1328212,0.4705,0.5295,0.0,1.0,0.4705,-0.4705,-0.4705,0.4705,BUY_NO,0.4705,3.5423562,2.0,1146560,0x6ccf8515e0e3761e166cfb14392c0f251f662a4c6f32452ff27b4320c6bb1f65,108293249169930288291992772580953271397765984070016424709238573555787524141245,44791354394036548900890072629112070194403452879604234978556369267683423279272,Will Google (GOOGL) finish week of January 12 above $335?,clob_midpoint,clob_midpoint
2026-01-16 19:58:25.405534+00:00,GOOGL,googl-above-on-january-16-2026,2026-01-16 21:00:00+00:00,325.0,329.7399902,1.4584585,0.0427615,1e-05,0.7745,0.2255,1.0,0.0,-0.2255,0.2255,0.2255,-0.2255,BUY_YES,0.2255,11.275,3.0,1146558,0x2788138bc09cae6c5cf02961dd97001e1bae2d3650f9504ae47296fda0ffba3a,29460564848639337534861927512655223820515582828873857149304018877653471049763,23734349570811405534110514909436898107366006640073213312023318750882173818788,Will Google (GOOGL) finish week of January 12 above $325?,clob_midpoint,clob_midpoint
2026-01-16 19:58:25.405534+00:00,GOOGL,googl-above-on-january-16-2026,2026-01-16 21:00:00+00:00,340.0,329.7399902,-3.0176499,0.0427615,0.2421951,0.1505,0.8495,0.0,1.0,0.1505,-0.1505,-0.1505,0.1505,BUY_NO,0.1505,0.6213999,4.0,1146561,0x87c0bc6c2b6f8d823cb5f664ad1b86a07c415d1cb22e9d1aa9909f4dfa368217,57002065269789622117814503807417568726366586562577394450963496847470567267674,103315990638543698976606356996351284642287601490549160596657889902965081202517,Will Google (GOOGL) finish week of January 12 above $340?,clob_midpoint,clob_midpoint
2026-01-16 19:58:25.405534+00:00,GOOGL,googl-above-on-january-16-2026,2026-01-16 21:00:00+00:00,350.0,329.7399902,-5.7885742,0.0427615,0.4296932,0.0305,0.9695,0.0,1.0,0.0305,-0.0305,-0.0305,0.0305,BUY_NO,0.0305,0.0709809,5.0,1146565,0x205b62acfef22875c12a49894bb74e1d650213acd670b3127c3210d41125d7d9,23636676323075519822731847962707110691489058353593605804408106206233058903141,74133801806662000109326265644303175349901185517137781269703082154651402731978,Will Google (GOOGL) finish week of January 12 above $350?,clob_midpoint,clob_midpoint
2026-01-16 19:58:25.405534+00:00,GOOGL,googl-above-on-january-16-2026,2026-01-16 21:00:00+00:00,320.0,329.7399902,3.0437469,0.0427615,1e-05,0.9725,0.0275,1.0,0.0,-0.0275,0.0275,0.0275,-0.0275,BUY_YES,0.0275,1.375,6.0,1146557,0xdfb88cad30f4bc2de3ef60b1bc4c40d73cd905caba258cd56d0df8baf0d1091c,31112249992246088389608999967053051628766537976623116864101415332627174734190,99915682581850994159184003621438481772017859741275735771496356402429288557991,Will Google (GOOGL) finish week of January 12 above $320?,clob_midpoint,clob_midpoint
2026-01-16 19:58:25.405534+00:00,GOOGL,googl-above-on-january-16-2026,2026-01-16 21:00:00+00:00,355.0,329.7399902,-7.1154957,0.0427615,0.5234423,0.008,0.992,0.0,1.0,0.008,-0.008,-0.008,0.008,BUY_NO,0.008,0.0152834,7.0,1146568,0x559aefd568f142b134e0a7348bad84a7749249c3d4896875b958753f1e948333,69185051018417754546455670502340295844525852456733078921602001934506062718943,90192947812501592435673638490470041138351421356852847085540757659645872393705,Will Google (GOOGL) finish week of January 12 above $355?,clob_midpoint,clob_midpoint
2026-01-16 19:58:25.405534+00:00,GOOGL,googl-above-on-january-16-2026,2026-01-16 21:00:00+00:00,310.0,329.7399902,6.3677388,0.0427615,1e-05,0.9945,0.0055,1.0,0.0,-0.0055,0.0055,0.0055,-0.0055,BUY_YES,0.0055,0.275,8.0,1146555,0x8c97ce8acc163f504624fba41284de841ae142edcafcd02b26f1a862c3f83457,9349839412890137131986300065316494867646822757593638059484303887281833457370,30611602904055347061257775363911589335751640163782395603611016838926032843206,Will Google (GOOGL) finish week of January 12 above $310?,clob_midpoint,clob_midpoint
2026-01-16 19:58:25.405534+00:00,GOOGL,googl-above-on-january-16-2026,2026-01-16 21:00:00+00:00,345.0,329.7399902,-4.4231912,0.0427615,0.3359441,0.0055,0.9945,0.0,1.0,0.0055,-0.0055,-0.0055,0.0055,BUY_NO,0.0055,0.0163718,8.0,1146563,0xf72ee899ce19d86326f0e1af681b59e5081cd560d8ae8737f09350ad92e19d10,70575824332522070448332634896978730775138554806672885434768976382731388366775,38817807651061328835285893430491071203834778179800420435049645842661212823274,Will Google (GOOGL) finish week of January 12 above $345?,clob_midpoint,clob_midpoint
2026-01-16 19:58:25.405534+00:00,GOOGL,googl-above-on-january-16-2026,2026-01-16 21:00:00+00:00,305.0,329.7399902,8.1114722,0.0427615,1e-05,0.995,0.005,1.0,0.0,-0.005,0.005,0.005,-0.005,BUY_YES,0.005,0.25,9.0,1146554,0xe9d3595e745a251086fba01dc78fffe5645c5ec43e2d3a2ff32255de76186457,5869975029796557101612996793353222418866479664278027210495278257352183307971,47931942061450814510930365313107608691782965622404820886804367227992091159391,Will Google (GOOGL) finish week of January 12 above $305?,clob_midpoint,clob_midpoint
2026-01-16 19:58:25.405534+00:00,GOOGL,googl-above-on-january-16-2026,2026-01-16 21:00:00+00:00,315.0,329.7399902,4.679362,0.0427615,1e-05,0.995,0.005,1.0,0.0,-0.005,0.005,0.005,-0.005,BUY_YES,0.005,0.25,9.0,1146556,0x7fe60a95b75ffc50d890aa9f6f40689d1a570f0564797b0b528838ce2aa237ee,24034172507868795424743300807878379715636210044534513731309182330216342074944,84330741020921493709112247988094464126137360583747264005750047738153153957725,Will Google (GOOGL) finish week of January 12 above $315?,clob_midpoint,clob_midpoint
2026-01-16 19:58:25.405534+00:00,GOOGL,googl-above-on-january-16-2026,2026-01-16 21:00:00+00:00,300.0,329.7399902,9.9133301,0.0427615,1e-05,0.9985,0.0015,1.0,0.0,-0.0015,0.0015,0.0015,-0.0015,BUY_YES,0.0015,0.075,10.0,1146553,0x3fda8e0284c645969e35d795fb558fc51d08b580040bb090a77a9eaec2ab284e,74338690061409355474670044632436338455262326993074136192787667358956069693819,7004632585913081995170135900003256663128931814506931475032861016963414696107,Will Google (GOOGL) finish week of January 12 above $300?,clob_midpoint,clob_midpoint
2026-01-16 19:58:25.405534+00:00,GOOGL,googl-above-on-january-16-2026,2026-01-16 21:00:00+00:00,295.0,329.7399902,11.7762679,0.0427615,1e-05,0.9995,0.0005,1.0,0.0,-0.0005,0.0005,0.0005,-0.0005,BUY_YES,0.0005,0.025,11.0,1146552,0xe07d434c88bae0c806c8e51f34a9d1124b2e3b0b278220ec2c814fde7e94a480,71825563633860364274030479975790843675904211005889450918560620364746730972517,967987951092373172435235770824630167888998142834118710711377967390966527150,Will Google (GOOGL) finish week of January 12 above $295?,clob_midpoint,clob_midpoint
2026-01-16 19:58:25.405534+00:00,META,meta-above-on-january-16-2026,2026-01-16 21:00:00+00:00,610.0,623.6049805,2.2303247,0.0427615,1e-05,0.5255,0.4745,1.0,0.0,-0.4745,0.4745,0.4745,-0.4745,BUY_YES,0.4745,23.725,1.0,1146584,0xcaea4ad92eaf9f78801457d77c236a539eca09b2c6c6520fadb2dc36d08ae0d1,85313774298707571389739299464031781038254891856047044637158513579004042875577,68814672557362111341287439575354880371913522120178036852630631172348247718628,Will Meta (META) finish week of January 12 above $610?,clob_midpoint,clob_midpoint
2026-01-16 19:58:25.405534+00:00,META,meta-above-on-january-16-2026,2026-01-16 21:00:00+00:00,630.0,623.6049805,-1.0150825,0.0427615,0.1035246,0.31,0.69,0.0,1.0,0.31,-0.31,-0.31,0.31,BUY_NO,0.31,2.9944574,2.0,1146588,0xadf6333a64ce469eb80ec5f63e51d7c342bbe6beebd648ba31caa635e93c82fc,16909740554638422866583230805736277001275147594199837409797784159564981122689,19050726601632916546960726645634857063212714098186951821145416485692817508134,Will Meta (META) finish week of January 12 above $630?,clob_midpoint,clob_midpoint
2026-01-16 19:58:25.405534+00:00,META,meta-above-on-january-16-2026,2026-01-16 21:00:00+00:00,620.0,623.6049805,0.5814485,0.0427615,1e-05,0.76,0.24,1.0,0.0,-0.24,0.24,0.24,-0.24,BUY_YES,0.24,12.0,3.0,1146586,0xb9dd8d7053f3672d82cbc6ec43416aae6fd340c40dfcfc58bdbf27b476e09903,64431885023647490828264697907949344099167439755445024158691040836961402056744,112200522593044254135401697546941529934414291532757347750305809003471034352899,Will Meta (META) finish week of January 12 above $620?,clob_midpoint,clob_midpoint
2026-01-16 19:58:25.405534+00:00,META,meta-above-on-january-16-2026,2026-01-16 21:00:00+00:00,600.0,623.6049805,3.9341634,0.0427615,1e-05,0.8375,0.1625,1.0,0.0,-0.1625,0.1625,0.1625,-0.1625,BUY_YES,0.1625,8.125,4.0,1146582,0xe0659579738470ce6ae6a3a3e10abbc09857fec4fa0d4ef2e36614cdc3b5174b,20610253516426508190375410521401883475591118590089576710493940802670619816820,29133594297026735730314425042001008754646637982561649463774149025042548002223,Will Meta (META) finish week of January 12 above $600?,clob_midpoint,clob_midpoint
2026-01-16 19:58:25.405534+00:00,META,meta-above-on-january-16-2026,2026-01-16 21:00:00+00:00,660.0,623.6049805,-5.5143969,0.0427615,0.3906311,0.0255,0.9745,0.0,1.0,0.0255,-0.0255,-0.0255,0.0255,BUY_NO,0.0255,0.065279,5.0,1146594,0x6046aefadd8a519c6a8bb89f373b9f585e1801f30c8b757d10f0b741c7111abb,84699838833477999991578002643213839239394261509035500505344687106880303195525,24355137439218376375200927104357984535625592641204470736925409079716219099873,Will Meta (META) finish week of January 12 above $660?,clob_midpoint,clob_midpoint
2026-01-16 19:58:25.405534+00:00,META,meta-above-on-january-16-2026,2026-01-16 21:00:00+00:00,670.0,623.6049805,-6.9246298,0.0427615,0.4765677,0.02,0.98,0.0,1.0,0.02,-0.02,-0.02,0.02,BUY_NO,0.02,0.0419668,6.0,1146595,0x7e41a8528072c3fcc61b71b72879081477882f97344ea114cdf5333b6c4136a3,63887140983943383800393252150741751262774888733660771405111623247805131297925,26160901145533836724601976942712420644700248078967375002104750434472811118410,Will Meta (META) finish week of January 12 above $670?,clob_midpoint,clob_midpoint
2026-01-16 19:58:25.405534+00:00,META,meta-above-on-january-16-2026,2026-01-16 21:00:00+00:00,650.0,623.6049805,-4.0607722,0.0427615,0.2929758,0.0135,0.9865,0.0,1.0,0.0135,-0.0135,-0.0135,0.0135,BUY_NO,0.0135,0.0460789,7.0,1146593,0x72cac717ef0ed25aaa69cce807798fdfc6fc28b6a74363aafb57b7ccb20b26a3,81778335202022759525165694140065187868498301182564311913288135480214172252845,15958431806690763940121899542391723547090220965942405163741579279036386989232,Will Meta (META) finish week of January 12 above $650?,clob_midpoint,clob_midpoint
2026-01-16 19:58:25.405534+00:00,META,meta-above-on-january-16-2026,2026-01-16 21:00:00+00:00,640.0,623.6049805,-2.5617218,0.0427615,0.1914143,0.013,0.987,0.0,1.0,0.013,-0.013,-0.013,0.013,BUY_NO,0.013,0.0679155,8.0,1146591,0x1ac437b9cebf5e3683102dd9bf18a9abfa9c9ddcd03c2fdfc2d81bdd6349710a,8773625255501555476969147764792407604077587197772084296253835431201528663888,51235938626777376736653740965641244929510417526856779084562608440234528763775,Will Meta (META) finish week of January 12 above $640?,clob_midpoint,clob_midpoint
2026-01-16 19:58:25.405534+00:00,META,meta-above-on-january-16-2026,2026-01-16 21:00:00+00:00,590.0,623.6049805,5.6957594,0.0427615,1e-05,0.99,0.01,1.0,0.0,-0.01,0.01,0.01,-0.01,BUY_YES,0.01,0.5,9.0,1146580,0x723a7a4cf5b27cbe79324d06050815a69e663caa1eb36c8008a469f3286a84b4,66891384539512778587690910160406515510064987922249518411991925010044075795853,67536406774493456201289276030378310683448817759793334260720368252951003668598,Will Meta (META) finish week of January 12 above $590?,clob_midpoint,clob_midpoint
2026-01-16 19:58:25.405534+00:00,META,meta-above-on-january-16-2026,2026-01-16 21:00:00+00:00,680.0,623.6049805,-8.2933852,0.0427615,0.5312547,0.0055,0.9945,0.0,1.0,0.0055,-0.0055,-0.0055,0.0055,BUY_NO,0.0055,0.0103528,10.0,1146596,0x19f072c76a44ef5eaeb8671098a71dec3a977140e81528b71d68e829617745c7,83878300218476697926812752112125631646480278688947522090446502111676746529031,114458736478287699140028020681696979695665748761526267625262536714787309562541,Will Meta (META) finish week of January 12 above $680?,clob_midpoint,clob_midpoint
2026-01-16 19:58:25.405534+00:00,META,meta-above-on-january-16-2026,2026-01-16 21:00:00+00:00,700.0,623.6049805,-10.9135742,0.0427615,0.6875031,0.0035,0.9965,0.0,1.0,0.0035,-0.0035,-0.0035,0.0035,BUY_NO,0.0035,0.0050909,11.0,1146598,0xaf26984672a4c0fd690640c9a3b05e129123158e989ed799ee4390a7ac5dc98f,93772165273936530266101832265505352988541301594686881004001869951455917839157,28655118306371750309850092970659216967613699823864693372894529559519174916561,Will Meta (META) finish week of January 12 above $700?,clob_midpoint,clob_midpoint
2026-01-16 19:58:25.405534+00:00,META,meta-above-on-january-16-2026,2026-01-16 21:00:00+00:00,690.0,623.6049805,-9.6224666,0.0427615,0.6250038,0.003,0.997,0.0,1.0,0.003,-0.003,-0.003,0.003,BUY_NO,0.003,0.0048,12.0,1146597,0xcda86243f90657e585b514ab2fa4ddea06a7b4717dca4f31bb0e3bfabfda2af4,85095716094193069318313725782710017555445670443448058672075685444572739218194,114911528603206112963421387527444773040502752141943594739384966524002044316855,Will Meta (META) finish week of January 12 above $690?,clob_midpoint,clob_midpoint
2026-01-16 19:58:25.405534+00:00,META,meta-above-on-january-16-2026,2026-01-16 21:00:00+00:00,710.0,623.6049805,-12.1683126,0.0427615,0.7812522,0.0015,0.9985,0.0,1.0,0.0015,-0.0015,-0.0015,0.0015,BUY_NO,0.0015,0.00192,13.0,1146599,0x75e4aa8da4b32a76c4d24847bce5c5de91413c7a9e248ca15f05b20d4d57cf2f,74639336009581636071403361835329335223431727065640635665214398338817794339961,64903915998042590762401243759655241335964694025650998582333778696650473006310,Will Meta (META) finish week of January 12 above $710?,clob_midpoint,clob_midpoint
2026-01-16 19:58:25.405534+00:00,MSFT,msft-above-on-january-16-2026,2026-01-16 21:00:00+00:00,440.0,462.0400085,5.0090929,0.0427615,1e-05,0.563,0.437,1.0,0.0,-0.437,0.437,0.437,-0.437,BUY_YES,0.437,21.85,1.0,1146504,0xc22126e2065eccf9b0ef02e2c87ef495ae1a1cc3255c027c2d3ce5ca2454a4e1,3473617962038284849831502771272464118285403202657185044203448116314397819421,18890566009096389576759369386482461007886135320987451437444977707757608889258,Will Microsoft (MSFT) finish week of January 12 above $440?,clob_midpoint,clob_midpoint
2026-01-16 19:58:25.405534+00:00,MSFT,msft-above-on-january-16-2026,2026-01-16 21:00:00+00:00,460.0,462.0400085,0.4434801,0.0427615,1e-05,0.6,0.4,1.0,0.0,-0.4,0.4,0.4,-0.4,BUY_YES,0.4,20.0,2.0,1146506,0x859821dbb90f18da6ec17cc542da619973dded9fb685fed9620ab548b8b209c9,77607581131788096508000296513064731594377743615688055112724795251446827028422,6302450699992137086003699838742854223760799985089737128864504517664291948991,Will Microsoft (MSFT) finish week of January 12 above $460?,clob_midpoint,clob_midpoint
2026-01-16 19:58:25.405534+00:00,MSFT,msft-above-on-january-16-2026,2026-01-16 21:00:00+00:00,470.0,462.0400085,-1.6936152,0.0427615,0.1367274,0.0375,0.9625,0.0,1.0,0.0375,-0.0375,-0.0375,0.0375,BUY_NO,0.0375,0.2742684,3.0,1146507,0x0ea87148463290f6ea6798433b8e52f41d0856bc0931a0904dff249d96a075cb,110639463799792745701511751665970701708702234168550263842958648775662592639913,546105867046186775669011308496381034810991987824833403708230589919366108557,Will Microsoft (MSFT) finish week of January 12 above $470?,clob_midpoint,clob_midpoint
2026-01-16 19:58:25.405534+00:00,MSFT,msft-above-on-january-16-2026,2026-01-16 21:00:00+00:00,450.0,462.0400085,2.6755575,0.0427615,1e-05,0.988,0.012,1.0,0.0,-0.012,0.012,0.012,-0.012,BUY_YES,0.012,0.6,4.0,1146505,0x28ca334ba15fef1eb4eebcbb61da2d41dcf5737fceadecc53f5c7bc3f344fd32,53701127971401784718630564081196848631662426019868242059051118218550126056676,20551969146612828542434141019032668854592340367016990368700977061244576997705,Will Microsoft (MSFT) finish week of January 12 above $450?,clob_midpoint,clob_midpoint
2026-01-16 19:58:25.405534+00:00,MSFT,msft-above-on-january-16-2026,2026-01-16 21:00:00+00:00,490.0,462.0400085,-5.7061207,0.0427615,0.4140684,0.009,0.991,0.0,1.0,0.009,-0.009,-0.009,0.009,BUY_NO,0.009,0.0217355,5.0,1146510,0x16a8278ffe64e55e8f3662e93932c16a1f38e2e3794218e3bf403ff138bb3705,112430618110301378590031430301765804328507326694426778637918766040054420944355,59582317793886521390719945135589696592531497223299495478018035315349296460010,Will Microsoft (MSFT) finish week of January 12 above $490?,clob_midpoint,clob_midpoint
2026-01-16 19:58:25.405534+00:00,MSFT,msft-above-on-january-16-2026,2026-01-16 21:00:00+00:00,520.0,462.0400085,-11.1461522,0.0427615,0.7187528,0.0065,0.9935,0.0,1.0,0.0065,-0.0065,-0.0065,0.0065,BUY_NO,0.0065,0.0090434,6.0,1146513,0x44af33861fbbb35881a312c9db937506043724c1ad0bbb734aba3b8a8b07886f,79014512099694198777331873296889321317324911161287862776382451984395577279779,778964280072058302473717474462435115453222604176270194002246596184700456449,Will Microsoft (MSFT) finish week of January 12 above $520?,clob_midpoint,clob_midpoint
2026-01-16 19:58:25.405534+00:00,MSFT,msft-above-on-january-16-2026,2026-01-16 21:00:00+00:00,480.0,462.0400085,-3.7416649,0.0427615,0.2812572,0.0055,0.9945,0.0,1.0,0.0055,-0.0055,-0.0055,0.0055,BUY_NO,0.0055,0.0195551,7.0,1146508,0x47c2ce5448d1a45bb6cd3444866f12322ba3546556e17d98b4d69a9b90c43ad6,54326317491447529998449785093126741541890653060900372172082135807046008968123,18818311890419425274097341404993277455861924325304321458480481811139242981310,Will Microsoft (MSFT) finish week of January 12 above $480?,clob_midpoint,clob_midpoint
2026-01-16 19:58:25.405534+00:00,MSFT,msft-above-on-january-16-2026,2026-01-16 21:00:00+00:00,430.0,462.0400085,7.4511648,0.0427615,1e-05,0.995,0.005,1.0,0.0,-0.005,0.005,0.005,-0.005,BUY_YES,0.005,0.25,8.0,1146503,0xf3fbffa328f7fdd88a6d44622fcb8d31e98d98c6c652be26580703367daebfe6,63637625572418476297122260727270112609557871487639181365362232156051594603268,17057559893105612426795464375350587382526298793569697382000033330954033893162,Will Microsoft (MSFT) finish week of January 12 above $430?,clob_midpoint,clob_midpoint
2026-01-16 19:58:25.405534+00:00,MSFT,msft-above-on-january-16-2026,2026-01-16 21:00:00+00:00,500.0,462.0400085,-7.5919983,0.0427615,0.500005,0.005,0.995,0.0,1.0,0.005,-0.005,-0.005,0.005,BUY_NO,0.005,0.0099999,8.0,1146511,0x361313e8c56c5f2181eb934a24d3d6c264baa607a8206f839b78004f7851afda,95098930379220998514856829246469952321135605968083301934168137995200680612678,29448904934832726083578291093530341573916704018265993306569316471788408615429,Will Microsoft (MSFT) finish week of January 12 above $500?,clob_midpoint,clob_midpoint
2026-01-16 19:58:25.405534+00:00,MSFT,msft-above-on-january-16-2026,2026-01-16 21:00:00+00:00,420.0,462.0400085,10.0095258,0.0427615,1.1767619,0.9995,0.0005,1.0,0.0,-0.0005,0.0005,0.0005,-0.0005,BUY_YES,0.0005,0.0004249,9.0,1146502,0x11ade9bf748335c155158300b95b6fbbf4a23a85be776c99f9f65e7528b4559c,82641395903739890243182387804494191493017570090931300160083543339135370787820,90358787057074469763570355747348939344841736748247242897700040649089281616483,Will Microsoft (MSFT) finish week of January 12 above $420?,clob_midpoint,clob_midpoint
2026-01-16 19:58:25.405534+00:00,MSFT,msft-above-on-january-16-2026,2026-01-16 21:00:00+00:00,510.0,462.0400085,-9.4039199,0.0427615,0.6250038,0.0005,0.9995,0.0,1.0,0.0005,-0.0005,-0.0005,0.0005,BUY_NO,0.0005,0.0008,9.0,1146512,0x36ae87128e860fdb7e4245b5c405a30bc02a1d46e8222e74b5d5c5a251312bd9,87001132973222593276306912804133880148426001570947681525539867648543311301822,107757791020792654208449786175233195394044549327293608549679273135641676355538,Will Microsoft (MSFT) finish week of January 12 above $510?,clob_midpoint,clob_midpoint
2026-01-16 19:58:25.405534+00:00,MSFT,msft-above-on-january-16-2026,2026-01-16 21:00:00+00:00,530.0,462.0400085,-12.8226399,0.0427615,0.8437516,0.0005,0.9995,0.0,1.0,0.0005,-0.0005,-0.0005,0.0005,BUY_NO,0.0005,0.0005926,9.0,1146514,0xf0813333908346bef55aca08103841c2582f1a5890dcc6762279acec323faa3c,27327395854368772721413165895318694330507074805886817412659652258632730115780,94692278188957107569006047467962712596248977488670239533404905295353629359213,Will Microsoft (MSFT) finish week of January 12 above $530?,clob_midpoint,clob_midpoint
2026-01-16 19:58:25.405534+00:00,MSFT,msft-above-on-january-16-2026,2026-01-16 21:00:00+00:00,540.0,462.0400085,-14.4370355,0.0427615,0.9921876,0.0005,0.9995,0.0,1.0,0.0005,-0.0005,-0.0005,0.0005,BUY_NO,0.0005,0.0005039,9.0,1146515,0x9e5f0052e2f53cc12ab3a321a7b13395c44c67e11bb6d7750002cfc1081bdbb2,102232426856290293854572278354450929547824050621199304794777732065690632400123,31997174050243186952720010872598855474178488565630049011177801726963042482187,Will Microsoft (MSFT) finish week of January 12 above $540?,clob_midpoint,clob_midpoint
2026-01-16 19:58:25.405534+00:00,NFLX,nflx-above-on-january-16-2026,2026-01-16 21:00:00+00:00,60.0,87.9049988,46.5083313,0.0427615,3.3750016,0.9845,0.0155,1.0,0.0,-0.0155,0.0155,0.0155,-0.0155,BUY_YES,0.0155,0.0045926,1.0,1146672,0x88c880053f232cec5f3285842b8747396a213b46aa24ae6fdcbcda2c3a28e5fe,11057209804873112869676211740939874797161322223401941248863850354203076289713,25831484211020059032008725591555788334544634458545698832934000044413199484187,Will Netflix (NFLX) finish week of January 12 above $60?,clob_midpoint,clob_midpoint
2026-01-16 19:58:25.405534+00:00,NFLX,nflx-above-on-january-16-2026,2026-01-16 21:00:00+00:00,90.0,87.9049988,-2.3277791,0.0427615,0.2265702,0.0055,0.9945,0.0,1.0,0.0055,-0.0055,-0.0055,0.0055,BUY_NO,0.0055,0.024275,2.0,1146676,0x7b661e101d3c4a6da0e39a8df2e90fbea627dd92574f109554c39fa114e15081,94414567741420697420262367731996888515263222602646583685827570093331232160377,62239709572701705568619337595296158722601969428834031805028617504722378483906,Will Netflix (NFLX) finish week of January 12 above $90?,clob_midpoint,clob_midpoint
2026-01-16 19:58:25.405534+00:00,NFLX,nflx-above-on-january-16-2026,2026-01-16 21:00:00+00:00,70.0,87.9049988,25.5785697,0.0427615,2.1484421,0.996,0.004,1.0,0.0,-0.004,0.004,0.004,-0.004,BUY_YES,0.004,0.0018618,3.0,1146674,0xdfd3be31abdda35e5fb5470445c15a9769a5741148a9d98acc2113b3cdb4fd0a,18992295068412680835935196328720087229625020727272202559813880094902653635015,90419469170729326818205369937369851239025770540853647793486347363674757557973,Will Netflix (NFLX) finish week of January 12 above $70?,clob_midpoint,clob_midpoint
2026-01-16 19:58:25.405534+00:00,NFLX,nflx-above-on-january-16-2026,2026-01-16 21:00:00+00:00,80.0,87.9049988,9.8812485,0.0427615,1.0820358,0.9985,0.0015,1.0,0.0,-0.0015,0.0015,0.0015,-0.0015,BUY_YES,0.0015,0.0013863,4.0,1146675,0xcf9331b7e121579f4a107ecf90e662b01718b512e356b06a0cbb9f53fed47f70,94897538999353399180815111590686813048267576895581015445280120938689706549349,95681512392727455298271645528474596164825481875284674175284720280499171808922,Will Netflix (NFLX) finish week of January 12 above $80?,clob_midpoint,clob_midpoint
2026-01-16 19:58:25.405534+00:00,NFLX,nflx-above-on-january-16-2026,2026-01-16 21:00:00+00:00,50.0,87.9049988,75.8099976,0.0427615,5.0000037,0.999,0.001,1.0,0.0,-0.001,0.001,0.001,-0.001,BUY_YES,0.001,0.0002,5.0,1146670,0x24e72b446dea179897852b21795857b1d08b52188348e2ee5e1585f6c59787be,60403087800370134119828492833150463823159083680902617718656150108850544885581,3966685381333705260579119272516577320895779140463171341951491944516785039015,Will Netflix (NFLX) finish week of January 12 above $50?,clob_midpoint,clob_midpoint
2026-01-16 19:58:25.405534+00:00,NFLX,nflx-above-on-january-16-2026,2026-01-16 21:00:00+00:00,30.0,87.9049988,193.0166626,0.0427615,11.9687525,0.9995,0.0005,1.0,0.0,-0.0005,0.0005,0.0005,-0.0005,BUY_YES,0.0005,4.18e-05,6.0,1146666,0x4a9955e511482badefc4fbc2c41edd80d8b5d3a78c95530bb875ba3074cbf1de,97987021454098974354793832377469433658292885947300892562654085826762285360321,54761150276621733636941389788421591878145852246089671035219892232150636472822,Will Netflix (NFLX) finish week of January 12 above $30?,clob_midpoint,clob_midpoint
2026-01-16 19:58:25.405534+00:00,NFLX,nflx-above-on-january-16-2026,2026-01-16 21:00:00+00:00,40.0,87.9049988,119.7624969,0.0427615,6.9843763,0.9995,0.0005,1.0,0.0,-0.0005,0.0005,0.0005,-0.0005,BUY_YES,0.0005,7.16e-05,6.0,1146668,0x68bc50815aa056ccdbd7f7a5bbace08a93537cc59e9466e9b8ded344e724be23,67614572441219199724250672295892801383524627619379737085686806184733195498543,48176352529370386307200434583190667564038658813083828193644194005171798039185,Will Netflix (NFLX) finish week of January 12 above $40?,clob_midpoint,clob_midpoint
2026-01-16 19:58:25.405534+00:00,NFLX,nflx-above-on-january-16-2026,2026-01-16 21:00:00+00:00,100.0,87.9049988,-12.0950012,0.0427615,0.9062509,0.0005,0.9995,0.0,1.0,0.0005,-0.0005,-0.0005,0.0005,BUY_NO,0.0005,0.0005517,6.0,1146677,0x119d2e351d1fdcdec1cb86c376ada3d9bb0a42e39958f8a0ee89b4b1e2778e9f,80524693736816863997036036698424716257147166514134916844610710583838611978700,105096306597810275670179889749105109793038420058667798072755951842978701555596,Will Netflix (NFLX) finish week of January 12 above $100?,clob_midpoint,clob_midpoint
2026-01-16 19:58:25.405534+00:00,NFLX,nflx-above-on-january-16-2026,2026-01-16 21:00:00+00:00,110.0,87.9049988,-20.0863647,0.0427615,1.5000025,0.0005,0.9995,0.0,1.0,0.0005,-0.0005,-0.0005,0.0005,BUY_NO,0.0005,0.0003333,6.0,1146678,0x5af12f2edb36d2027f4512a54ff1a2094dd60cefbba5ca5591522fa656eb5543,43385203021185738146715617952203380176081352302901475014871955119324080637576,84776604916570498543032882050677071219068957902284143555971847630598384124271,Will Netflix (NFLX) finish week of January 12 above $110?,clob_midpoint,clob_midpoint
2026-01-16 19:58:25.405534+00:00,NFLX,nflx-above-on-january-16-2026,2026-01-16 21:00:00+00:00,120.0,87.9049988,-26.7458344,0.0427615,2.000005,0.0005,0.9995,0.0,1.0,0.0005,-0.0005,-0.0005,0.0005,BUY_NO,0.0005,0.00025,6.0,1146679,0x66256a73cf8ee59b2efa9dab98b918d2a4de3a83ddee9b270d7fce2a0c793754,102280954186393949180736668669462138986194229053544859229004060125444625294117,48132457409299032365534518789217111834221371133488343797822385385403805508642,Will Netflix (NFLX) finish week of January 12 above $120?,clob_midpoint,clob_midpoint
2026-01-16 19:58:25.405534+00:00,NFLX,nflx-above-on-january-16-2026,2026-01-16 21:00:00+00:00,130.0,87.9049988,-32.3807702,0.0427615,2.5000037,0.0005,0.9995,0.0,1.0,0.0005,-0.0005,-0.0005,0.0005,BUY_NO,0.0005,0.0002,6.0,1146680,0xab2304159097cb58422c35d1581fd853f90c740229ec026e5f11a2e57327a0f9,27248965841381525795978719913733875257978161891105074545753342311817584273560,59215200411917584607576155283516162925696835994951882835988358513271589413976,Will Netflix (NFLX) finish week of January 12 above $130?,clob_midpoint,clob_midpoint
2026-01-16 19:58:25.405534+00:00,NFLX,nflx-above-on-january-16-2026,2026-01-16 21:00:00+00:00,140.0,87.9049988,-37.2107152,0.0427615,2.8750028,0.0005,0.9995,0.0,1.0,0.0005,-0.0005,-0.0005,0.0005,BUY_NO,0.0005,0.0001739,6.0,1146681,0x20b040e5fa04de04f04e3f9e08b3b97a3f43e1c5b1514838b036ec7e10cca7eb,63243852893578786672476812196992011482941655056130133063925126439046445411054,14527265217732679926747625770815269907447637146981791702302979464932131671483,Will Netflix (NFLX) finish week of January 12 above $140?,clob_midpoint,clob_midpoint
2026-01-16 19:58:25.405534+00:00,NFLX,nflx-above-on-january-16-2026,2026-01-16 21:00:00+00:00,150.0,87.9049988,-41.3966675,0.0427615,3.2500019,0.0005,0.9995,0.0,1.0,0.0005,-0.0005,-0.0005,0.0005,BUY_NO,0.0005,0.0001538,6.0,1146682,0x60aae66bfa3448f0aaeb0785a518ee3dab21cfcc5f1dd834546766b8d8c13717,104689092878805321034932362279790931045973002258647295202566124169632549998519,73266053185878921530384496326893320756705473271726131275888133081017319705190,Will Netflix (NFLX) finish week of January 12 above $150?,clob_midpoint,clob_midpoint
2026-01-16 19:58:25.405534+00:00,NVDA,nvda-above-on-january-16-2026,2026-01-16 21:00:00+00:00,190.0,187.8849945,-1.1131608,0.0427615,0.1328212,0.1155,0.8845,0.0,1.0,0.1155,-0.1155,-0.1155,0.1155,BUY_NO,0.1155,0.8695901,1.0,1146642,0x15bd906b1749789541e1622d2949014dfa08d4a81d4791731bd5cb9851c402f8,114958715571880458476820922292314088861159537594026387549965043415865661622943,36614987249247462770373339302942862794354497876509550930670084788594539910051,Will NVIDIA (NVDA) finish week of January 12 above $190?,clob_midpoint,clob_midpoint
2026-01-16 19:58:25.405534+00:00,NVDA,nvda-above-on-january-16-2026,2026-01-16 21:00:00+00:00,170.0,187.8849945,10.520585,0.0427615,1e-05,0.89,0.11,1.0,0.0,-0.11,0.11,0.11,-0.11,BUY_YES,0.11,5.5,2.0,1146638,0xf344105f970ee36245a678a4bcfefe7f760a0d7c38c5f44498276e7316f6a82f,94211899726170202972097559707072715996782073665870948351463325849798855958612,65014754703091498324526071706869810266250182010830607105452343135984781878825,Will NVIDIA (NVDA) finish week of January 12 above $170?,clob_midpoint,clob_midpoint
2026-01-16 19:58:25.405534+00:00,NVDA,nvda-above-on-january-16-2026,2026-01-16 21:00:00+00:00,180.0,187.8849945,4.3805525,0.0427615,1e-05,0.941,0.059,1.0,0.0,-0.059,0.059,0.059,-0.059,BUY_YES,0.059,2.95,3.0,1146640,0x1f210092d4ba3925b52d4383588daa4c2de42092834da68c970b48c5ab78cf20,48245274168429110332884620010880151804389435552827466913021201266254843752178,105689758028831114317668730800628451875935597114313201694536395554604946167051,Will NVIDIA (NVDA) finish week of January 12 above $180?,clob_midpoint,clob_midpoint
2026-01-16 19:58:25.405534+00:00,NVDA,nvda-above-on-january-16-2026,2026-01-16 21:00:00+00:00,160.0,187.8849945,17.4281216,0.0427615,1e-05,0.9635,0.0365,1.0,0.0,-0.0365,0.0365,0.0365,-0.0365,BUY_YES,0.0365,1.825,4.0,1146636,0x55bbcb30542832f63bffbe0feacc3eaa93578d00d12ca8ac76c80e0a6049fb35,75206852432875529920809646533712889743545466623307774669869936370402299947048,110927289107365106651261301254849491817794948017563933300423728985449925221764,Will NVIDIA (NVDA) finish week of January 12 above $160?,clob_midpoint,clob_midpoint
2026-01-16 19:58:25.405534+00:00,NVDA,nvda-above-on-january-16-2026,2026-01-16 21:00:00+00:00,185.0,187.8849945,1.5594565,0.0427615,1e-05,0.9695,0.0305,1.0,0.0,-0.0305,0.0305,0.0305,-0.0305,BUY_YES,0.0305,1.525,5.0,1146641,0x06b00e18b72b134a2ac31429dc0a3292b294becba1f325aeb1bbf754c83a6af4,78167922302211573904336784021103791344319141866969587742184015737104361093630,27375833858005034283115144603542570582331718238160615505524388097312558442260,Will NVIDIA (NVDA) finish week of January 12 above $185?,clob_midpoint,clob_midpoint
2026-01-16 19:58:25.405534+00:00,NVDA,nvda-above-on-january-16-2026,2026-01-16 21:00:00+00:00,200.0,187.8849945,-6.0575027,0.0427615,0.4843802,0.0155,0.9845,0.0,1.0,0.0155,-0.0155,-0.0155,0.0155,BUY_NO,0.0155,0.0319997,6.0,1146645,0x836f72849679a8eb6806ec79842374654e96d8e4ba37d80a02e5417cf932bf14,25152763151297362973765098573650875968726563519305858733737956938237263613587,60975866713017100594448986380290956095510604753282548611779444952017993262533,Will NVIDIA (NVDA) finish week of January 12 above $200?,clob_midpoint,clob_midpoint
2026-01-16 19:58:25.405534+00:00,NVDA,nvda-above-on-january-16-2026,2026-01-16 21:00:00+00:00,205.0,187.8849945,-8.3487832,0.0427615,0.5937541,0.01,0.99,0.0,1.0,0.01,-0.01,-0.01,0.01,BUY_NO,0.01,0.016842,7.0,1146647,0x8273fa8e90df5e763cfa6d4eabd08cf54eb6fd1764b5cd7ba6f1c32e7369dcfa,62071306736145387542076185649616804831755326231684891031172040068529543234520,25110602578798270057100153470799314110897162924785996140122276724865784451677,Will NVIDIA (NVDA) finish week of January 12 above $205?,clob_midpoint,clob_midpoint
2026-01-16 19:58:25.405534+00:00,NVDA,nvda-above-on-january-16-2026,2026-01-16 21:00:00+00:00,165.0,187.8849945,13.8696936,0.0427615,1e-05,0.9925,0.0075,1.0,0.0,-0.0075,0.0075,0.0075,-0.0075,BUY_YES,0.0075,0.375,8.0,1146637,0x980186a61798725237f051afade7559ae0d768c24d7c5228511f778f3e549c4a,79398893335707566325707717943227886343249182087304747359883497612131302346416,37776424994189517338003448801933918742338355607490128135512708580092923947721,Will NVIDIA (NVDA) finish week of January 12 above $165?,clob_midpoint,clob_midpoint
2026-01-16 19:58:25.405534+00:00,NVDA,nvda-above-on-january-16-2026,2026-01-16 21:00:00+00:00,195.0,187.8849945,-3.6487208,0.0427615,0.3046945,0.0045,0.9955,0.0,1.0,0.0045,-0.0045,-0.0045,0.0045,BUY_NO,0.0045,0.0147689,9.0,1146643,0xf807c2b717606381ccbd747db619831212902919d3cfe22e2a7b8963ea12da6d,94901764758828160083217004955245703830208531319948026141742672682266026526436,29765942616218985679412889318280420371111309594933388996478858651406293388535,Will NVIDIA (NVDA) finish week of January 12 above $195?,clob_midpoint,clob_midpoint
2026-01-16 19:58:25.405534+00:00,NVDA,nvda-above-on-january-16-2026,2026-01-16 21:00:00+00:00,175.0,187.8849945,7.362854,0.0427615,1e-05,0.996,0.004,1.0,0.0,-0.004,0.004,0.004,-0.004,BUY_YES,0.004,0.2,10.0,1146639,0x22b75bb9a04bd6d0c21edc98a93b6e9982bf9169a0817979c69e1fe3e1354535,58683196155266710273609916904561029349685478524908348732657778528392700231875,17988589983275941817656061000621119124984964862165975584822701011224173934325,Will NVIDIA (NVDA) finish week of January 12 above $175?,clob_midpoint,clob_midpoint
2026-01-16 19:58:25.405534+00:00,NVDA,nvda-above-on-january-16-2026,2026-01-16 21:00:00+00:00,155.0,187.8849945,21.2161255,0.0427615,1e-05,0.999,0.001,1.0,0.0,-0.001,0.001,0.001,-0.001,BUY_YES,0.001,0.05,11.0,1146635,0x971b1e599d2a7bcf5f74da94eac9c771313c44d6959ad4636ff494c03b3c6975,71954077551824204658952625507039887786113136301653649671272825560135049736787,20315021961240727056658933321204488856167121804663822366091593764351063036458,Will NVIDIA (NVDA) finish week of January 12 above $155?,clob_midpoint,clob_midpoint
2026-01-16 19:58:25.405534+00:00,NVDA,nvda-above-on-january-16-2026,2026-01-16 21:00:00+00:00,210.0,187.8849945,-10.530955,0.0427615,0.7500025,0.0005,0.9995,0.0,1.0,0.0005,-0.0005,-0.0005,0.0005,BUY_NO,0.0005,0.0006667,12.0,1146649,0xce5f2b8805427a1b2f803ba6a96d9972f8ebd89313e00c768984c6b188dfdd71,51638017562277440094905758278541921160756575214090267251015863944534802465124,18503617591128767029863240148906489979015201405141972897347945565946939389114,Will NVIDIA (NVDA) finish week of January 12 above $210?,clob_midpoint,clob_midpoint
2026-01-16 19:58:25.405534+00:00,NVDA,nvda-above-on-january-16-2026,2026-01-16 21:00:00+00:00,215.0,187.8849945,-12.6116305,0.0427615,0.8750012,0.0005,0.9995,0.0,1.0,0.0005,-0.0005,-0.0005,0.0005,BUY_NO,0.0005,0.0005714,12.0,1146651,0x5619bfba0b973c4ce6831b0eec618c1a6d430420174b46c7fb93e471d11ed70b,14125236269164297372269047707699369554627267846909767884597488771629536939611,40655566967120850000951455070816188042725762349541796836154524286311743932362,Will NVIDIA (NVDA) finish week of January 12 above $215?,clob_midpoint,clob_midpoint
2026-01-16 19:58:25.405534+00:00,OPEN,open-above-on-january-16-2026,2026-01-16 21:00:00+00:00,7.0,6.7498999,-3.5728591,0.0427615,0.6406286,0.458,0.542,1e-07,0.9999999,0.4579999,-0.4579999,-0.4579999,0.4579999,BUY_NO,0.4579999,0.7149227,1.0,1146703,0xc9123dd13f864dd0f056db229ef13e44ff604d16ae59c06e194625a18570f62c,46768252111209528945351127915671444464530797970637851605856280082855521053052,7826188209457457007761182343869029867474806377693616316426544275221905236042,Will Opendoor (OPEN) finish week of January 12 above $7.00?,clob_midpoint,clob_midpoint
2026-01-16 19:58:25.405534+00:00,OPEN,open-above-on-january-16-2026,2026-01-16 21:00:00+00:00,6.0,6.7498999,12.4983311,0.0427615,1.5625022,0.765,0.235,1.0,0.0,-0.235,0.235,0.235,-0.235,BUY_YES,0.235,0.1503998,2.0,1146702,0x177edbcb0f72db7324e7ea4e3ed573734df17a74082e58ca0d485394e74bbe78,18819554537230400260786002372430005837277397432689705990680312843822103028784,82280066406715564570387636629611770870367231740855101522726849827134841645521,Will Opendoor (OPEN) finish week of January 12 above $6.50?,clob_midpoint,clob_midpoint
2026-01-16 19:58:25.405534+00:00,OPEN,open-above-on-january-16-2026,2026-01-16 21:00:00+00:00,5.0,6.7498999,34.9979973,0.0427615,2.5000037,0.974,0.026,1.0,0.0,-0.026,0.026,0.026,-0.026,BUY_YES,0.026,0.0104,3.0,1146700,0x0a257f86f482869819b0b559074a1fb082eaf74db3c4975a2bc00c5bb2977c9b,93920381586422049868328022940028894641811981359110154590875121729101642809897,36235498555632414321176271998697063398559408102622049164197381015831314517514,Will Opendoor (OPEN) finish week of January 12 above $5.50?,clob_midpoint,clob_midpoint
2026-01-16 19:58:25.405534+00:00,OPEN,open-above-on-january-16-2026,2026-01-16 21:00:00+00:00,7.0,6.7498999,-3.5728591,0.0427615,0.6406286,0.023,0.977,1e-07,0.9999999,0.0229999,-0.0229999,-0.0229999,0.0229999,BUY_NO,0.0229999,0.0359021,4.0,1146704,0x66e897b5d7416ec174fbed2cee9383bcbf4cc1a13db39eb770c183df40f62cbf,95848449891987217428381578004980161081832848821974043131249084496803070074892,27947463946933803651728598764570239741131210752836703227496093715778275750032,Will Opendoor (OPEN) finish week of January 12 above $7.50?,clob_midpoint,clob_midpoint
2026-01-16 19:58:25.405534+00:00,OPEN,open-above-on-january-16-2026,2026-01-16 21:00:00+00:00,6.0,6.7498999,12.4983311,0.0427615,1.5625022,0.9795,0.0205,1.0,0.0,-0.0205,0.0205,0.0205,-0.0205,BUY_YES,0.0205,0.01312,5.0,1146701,0x72afe3fd32dd5d5d7b93d0b432566d539cf1aa8521ee7553aec6192001196665,91354749368728101544360778500276935428616094110243515401550100365010607670839,73440887769469027011194746661930067266850465983525960712181578792290426394696,Will Opendoor (OPEN) finish week of January 12 above $6.00?,clob_midpoint,clob_midpoint
2026-01-16 19:58:25.405534+00:00,OPEN,open-above-on-january-16-2026,2026-01-16 21:00:00+00:00,5.0,6.7498999,34.9979973,0.0427615,2.5000037,0.9955,0.0045,1.0,0.0,-0.0045,0.0045,0.0045,-0.0045,BUY_YES,0.0045,0.0018,6.0,1146699,0x15bd8721d990947388d76c3c8d10acee987508566dd998d18bb695da5e907053,35686220558417061772784582488091544886389873038132669514933655105878438329464,39367646748123104666466346382160459170356989537105547791926987706652945470813,Will Opendoor (OPEN) finish week of January 12 above $5.00?,clob_midpoint,clob_midpoint
2026-01-16 19:58:25.405534+00:00,OPEN,open-above-on-january-16-2026,2026-01-16 21:00:00+00:00,8.0,6.7498999,-15.6262517,0.0427615,1.6250019,0.0045,0.9955,0.0,1.0,0.0045,-0.0045,-0.0045,0.0045,BUY_NO,0.0045,0.0027692,6.0,1146705,0x21eba6ed14babe6fe26d99264a7a4fded092359415b673166bc44c467f10cc89,35910142242921687995614312879548179484936077491117232397263463756898305149108,31095508135333740552226110245020509492644077304649933711600791704143956261978,Will Opendoor (OPEN) finish week of January 12 above $8.00?,clob_midpoint,clob_midpoint
2026-01-16 19:58:25.405534+00:00,OPEN,open-above-on-january-16-2026,2026-01-16 21:00:00+00:00,8.0,6.7498999,-15.6262517,0.0427615,1.6250019,0.0045,0.9955,0.0,1.0,0.0045,-0.0045,-0.0045,0.0045,BUY_NO,0.0045,0.0027692,6.0,1146706,0xd610389fb1e2ad1eb059266e2e6274180f4886181bf5cbcdf7d2e266a0ac2f96,67930832087766279475720224606009618216453016952164999632773152068534904574967,66659378629660387692600314843593723666708832564495411159347645212793760204571,Will Opendoor (OPEN) finish week of January 12 above $8.50?,clob_midpoint,clob_midpoint
2026-01-16 19:58:25.405534+00:00,OPEN,open-above-on-january-16-2026,2026-01-16 21:00:00+00:00,4.0,6.7498999,68.7474966,0.0427615,9.7812539,0.9955,0.0045,0.9999995,5e-07,-0.0044995,0.0044995,0.0044995,-0.0044995,BUY_YES,0.0044995,0.00046,7.0,1146697,0x415e9547bf7508cf4651338acbbc42feae9acd3d66c3e2bbbfef315b9f098a03,106606820525809442872059352058867263935331718760038446645965809941413321095470,73084860838778675777746864709681201796409455794850195746610951370996259376530,Will Opendoor (OPEN) finish week of January 12 above $4.00?,clob_midpoint,clob_midpoint
2026-01-16 19:58:25.405534+00:00,OPEN,open-above-on-january-16-2026,2026-01-16 21:00:00+00:00,4.0,6.7498999,68.7474966,0.0427615,9.7812539,0.9955,0.0045,0.9999995,5e-07,-0.0044995,0.0044995,0.0044995,-0.0044995,BUY_YES,0.0044995,0.00046,7.0,1146698,0xa13814660e5aa73eab87f15054abd6d6105c08c6f93db95a7d7c4d8c1aeef7c6,99069401042145517483307741868080172218343300978060784552225334938165759784702,25801885503972383736052358655383680042144935730143127911763628671198161652646,Will Opendoor (OPEN) finish week of January 12 above $4.50?,clob_midpoint,clob_midpoint
2026-01-16 19:58:25.405534+00:00,OPEN,open-above-on-january-16-2026,2026-01-16 21:00:00+00:00,3.0,6.7498999,124.9966621,0.0427615,12.781252,0.9965,0.0035,1.0,0.0,-0.0035,0.0035,0.0035,-0.0035,BUY_YES,0.0035,0.0002738,8.0,1146696,0xa03fdd47172651ab55e3645b4c316de60798bdddedef27406ed25a93b589e503,96650042254844248357619801475499905578338417818718692020975101785522589291604,13174385011286744543347929508732917257416019909206569396725912857047652999162,Will Opendoor (OPEN) finish week of January 12 above $3.50?,clob_midpoint,clob_midpoint
2026-01-16 19:58:25.405534+00:00,OPEN,open-above-on-january-16-2026,2026-01-16 21:00:00+00:00,9.0,6.7498999,-25.0011126,0.0427615,2.5000037,0.0025,0.9975,0.0,1.0,0.0025,-0.0025,-0.0025,0.0025,BUY_NO,0.0025,0.001,9.0,1146708,0xd27ff47e4adf7d0ffcd9c73978d41d40b113783a6e705d7bfc8fd1cf90c6f45f,69087332847867710231989510498049162587245923202657468418014393706603808043490,102266760039608325996456420649472123255246942061178526325466547012538067661390,Will Opendoor (OPEN) finish week of January 12 above $9.50?,clob_midpoint,clob_midpoint
2026-01-16 19:58:25.405534+00:00,OPEN,open-above-on-january-16-2026,2026-01-16 21:00:00+00:00,9.0,6.7498999,-25.0011126,0.0427615,2.5000037,0.0005,0.9995,0.0,1.0,0.0005,-0.0005,-0.0005,0.0005,BUY_NO,0.0005,0.0002,10.0,1146707,0x55d43a2d826877c8a0f9c14bb3981ac1d10087a5b6f283b4b5db41d85303a924,21665638352109587858636728819173643324578145289025584558117799008064312910545,37290721299112791893240666303853766294117097470698948534000091837617707331109,Will Opendoor (OPEN) finish week of January 12 above $9.00?,clob_midpoint,clob_midpoint
2026-01-16 19:58:25.405534+00:00,PLTR,pltr-above-on-january-16-2026,2026-01-16 21:00:00+00:00,172.0,171.1600037,-0.48837,0.0427615,0.1386805,0.52,0.48,0.0005551,0.9994449,0.5194449,-0.5194449,-0.5194449,0.5194449,BUY_NO,0.5194449,3.7456232,1.0,1146684,0x0c3b2ea6297d64fa65c0a57254aa223f4174b94ab7400b1450df87cbb1434ce0,92771500262092686152330159554669793662039807656423620887928881027704311437426,29528107697757855512014729191723986251246613770918321201660869470761028547422,Will Palantir (PLTR) finish week of January 12 above $172?,clob_midpoint,clob_midpoint
2026-01-16 19:58:25.405534+00:00,PLTR,pltr-above-on-january-16-2026,2026-01-16 21:00:00+00:00,171.0,171.1600037,0.0935694,0.0427615,1e-05,0.52,0.48,1.0,0.0,-0.48,0.48,0.48,-0.48,BUY_YES,0.48,24.0,2.0,1146683,0x9dddb0c8cb7b81c80556d28a4551f9e42bf6b35df9116839c09d05ba302115d3,72527633973124040081685402494274055416438511450227892521092104899918773578393,78117422057426843171615496591969106599413961738380979512209556427830971976181,Will Palantir (PLTR) finish week of January 12 above $171?,clob_midpoint,clob_midpoint
2026-01-16 19:58:25.405534+00:00,PLTR,pltr-above-on-january-16-2026,2026-01-16 21:00:00+00:00,178.0,171.1600037,-3.8426946,0.0427615,0.3046945,0.4755,0.5245,0.0,1.0,0.4755,-0.4755,-0.4755,0.4755,BUY_NO,0.4755,1.5605795,3.0,1146690,0x646137e08d7881d54fb1662897be6a493bfe8a209c1ce8ffb8120e4ff5a6dd0b,33038014527824021904811244220954372261084401681792391480681247891265657027642,45188059583312338148260925654137900674536144291369572079316981791952444772939,Will Palantir (PLTR) finish week of January 12 above $178?,clob_midpoint,clob_midpoint
2026-01-16 19:58:25.405534+00:00,PLTR,pltr-above-on-january-16-2026,2026-01-16 21:00:00+00:00,180.0,171.1600037,-4.9111091,0.0427615,0.3984435,0.4755,0.5245,0.0,1.0,0.4755,-0.4755,-0.4755,0.4755,BUY_NO,0.4755,1.1933938,3.0,1146692,0x78bdb6f56d12141e1e6ead2e11d0f8c2d5c618d026bf88aabe7a376451e13f3f,59862374050205100587391674098254854412382179042897918266883714667467463658637,14023772351019875347891999279595197123723240410433295352762931126769784803891,Will Palantir (PLTR) finish week of January 12 above $180?,clob_midpoint,clob_midpoint
2026-01-16 19:58:25.405534+00:00,PLTR,pltr-above-on-january-16-2026,2026-01-16 21:00:00+00:00,179.0,171.1600037,-4.3798862,0.0427615,0.3984435,0.4725,0.5275,0.0,1.0,0.4725,-0.4725,-0.4725,0.4725,BUY_NO,0.4725,1.1858645,4.0,1146691,0xd11d106d6bb0a76cb6172e22c6966d0e8fa92858ff4e0d9aca723d7595f3c85e,53875583053760133169403320092046656969330128807715992838484004770342517289956,83316527115722177292184994826599433049846953197956823324399006927617650722600,Will Palantir (PLTR) finish week of January 12 above $179?,clob_midpoint,clob_midpoint
2026-01-16 19:58:25.405534+00:00,PLTR,pltr-above-on-january-16-2026,2026-01-16 21:00:00+00:00,181.0,171.1600037,-5.4364621,0.0427615,0.3984435,0.4715,0.5285,0.0,1.0,0.4715,-0.4715,-0.4715,0.4715,BUY_NO,0.4715,1.1833547,5.0,1146693,0xf505a37c4c84d60b43b49279088c4f3c7febb2cc3b853d2e50c477bafc302ecc,107369937962884116135897128918080251221324164547041869239862447546071025627775,51022506642966375876278404903687076573873267059710106029126054347086919008435,Will Palantir (PLTR) finish week of January 12 above $181?,clob_midpoint,clob_midpoint
2026-01-16 19:58:25.405534+00:00,PLTR,pltr-above-on-january-16-2026,2026-01-16 21:00:00+00:00,173.0,171.1600037,-1.0635817,0.0427615,0.1386805,0.215,0.785,0.0,1.0,0.215,-0.215,-0.215,0.215,BUY_NO,0.215,1.5503261,6.0,1146685,0xe62237abe63bd84761b94e53fb2a368580d175a372de04cb5ec14c00dec4bc82,105723584420509680104386655426781331464625379232854553251062297791781727280502,82470350251725858631531982998204177852590079895162397263526896134953455427504,Will Palantir (PLTR) finish week of January 12 above $173?,clob_midpoint,clob_midpoint
2026-01-16 19:58:25.405534+00:00,PLTR,pltr-above-on-january-16-2026,2026-01-16 21:00:00+00:00,177.0,171.1600037,-3.299433,0.0427615,0.3046945,0.0905,0.9095,0.0,1.0,0.0905,-0.0905,-0.0905,0.0905,BUY_NO,0.0905,0.2970188,7.0,1146689,0x50b4c330d6e7576eaee62d66d805998e8944bf6e613b14c3ff83332867614bdb,73605294852763608512214393632538616735502127944166445832964005655783415818129,105125158577052127383715228590920587962882969973898222135565246595711568639943,Will Palantir (PLTR) finish week of January 12 above $177?,clob_midpoint,clob_midpoint
2026-01-16 19:58:25.405534+00:00,PLTR,pltr-above-on-january-16-2026,2026-01-16 21:00:00+00:00,174.0,171.1600037,-1.6321818,0.0427615,0.1953205,0.0635,0.9365,0.0,1.0,0.0635,-0.0635,-0.0635,0.0635,BUY_NO,0.0635,0.3251067,8.0,1146686,0x08d0ed03a2483e712634bc54f4062943d09bd7d8cf801c8b12e3750205ac4905,12653383002310292076284649681064956350285644800463960512678195204792503161838,49669208574211924444545489182680405965405243688889995956825265136610818082430,Will Palantir (PLTR) finish week of January 12 above $174?,clob_midpoint,clob_midpoint
2026-01-16 19:58:25.405534+00:00,PLTR,pltr-above-on-january-16-2026,2026-01-16 21:00:00+00:00,183.0,171.1600037,-6.4699434,0.0427615,0.500005,0.0605,0.9395,0.0,1.0,0.0605,-0.0605,-0.0605,0.0605,BUY_NO,0.0605,0.1209988,9.0,1146695,0x69b4711ed6ef92e4cb0151a88a01caf2b85b79c242dc83ddab62101dbbd6bbc7,15123153343820206806722661737891408718507910311020067419933379665018195377659,78101644872216373970405836379626024575151026244418742398523608059289936998639,Will Palantir (PLTR) finish week of January 12 above $183?,clob_midpoint,clob_midpoint
2026-01-16 19:58:25.405534+00:00,PLTR,pltr-above-on-january-16-2026,2026-01-16 21:00:00+00:00,175.0,171.1600037,-2.1942836,0.0427615,0.1953205,0.025,0.975,0.0,1.0,0.025,-0.025,-0.025,0.025,BUY_NO,0.025,0.1279948,10.0,1146687,0x284f049b5f72da4864b37ef965ef47608c2a7daf5729a96517f4723de7253588,20118717133653204197141241338279117786230527063499034147671044720447134768497,113252344531510288121595308512091396890677782006295894884390338900084261439580,Will Palantir (PLTR) finish week of January 12 above $175?,clob_midpoint,clob_midpoint
2026-01-16 19:58:25.405534+00:00,PLTR,pltr-above-on-january-16-2026,2026-01-16 21:00:00+00:00,176.0,171.1600037,-2.7499979,0.0427615,0.1953205,0.023,0.977,0.0,1.0,0.023,-0.023,-0.023,0.023,BUY_NO,0.023,0.1177552,11.0,1146688,0x162049f6d3fc5a1daa961e90bcf8e102ea545f0301423333a297810197489e39,14193437146266879345555007556307418745620923039153282459758135969116425651579,28568776946187594654889833499531020442298428334765232144853404050859897515337,Will Palantir (PLTR) finish week of January 12 above $176?,clob_midpoint,clob_midpoint
2026-01-16 19:58:25.405534+00:00,PLTR,pltr-above-on-january-16-2026,2026-01-16 21:00:00+00:00,182.0,171.1600037,-5.9560419,0.0427615,0.500005,0.0165,0.9835,0.0,1.0,0.0165,-0.0165,-0.0165,0.0165,BUY_NO,0.0165,0.0329997,12.0,1146694,0x1fae11666bb54e66f21c2c64dc8094dbb3d25f40f82b88991637830613697f24,91418961273428400464566919468563650098997362462826699678352345241170662111826,55110206634511073991464997786843029392080696978406938079766441723091382566711,Will Palantir (PLTR) finish week of January 12 above $182?,clob_midpoint,clob_midpoint
2026-01-16 19:58:25.405534+00:00,TSLA,tsla-above-on-january-16-2026,2026-01-16 21:00:00+00:00,445.0,440.2399902,-1.0696651,0.0427615,0.120126,0.335,0.665,0.0,1.0,0.335,-0.335,-0.335,0.335,BUY_NO,0.335,2.7887385,1.0,1146619,0x6dcea72a8adaf983425519501402b11575632786c36a5cbb375c473f18b84ac6,61866077353000726027432259875369084269987289863959717686918066951441649744779,84757664315713010803885221277692479782186817515602323470690647284604160570450,Will Tesla (TSLA) finish week of January 12 above $445?,clob_midpoint,clob_midpoint
2026-01-16 19:58:25.405534+00:00,TSLA,tsla-above-on-january-16-2026,2026-01-16 21:00:00+00:00,440.0,440.2399902,0.0545432,0.0427615,0.0798432,0.49,0.51,0.737225,0.262775,-0.247225,0.247225,0.247225,-0.247225,BUY_YES,0.247225,3.0963814,2.0,1146618,0x9a58b95a510e70eddaab89ff1d1e29dae4332e12b0b3ee9a8bf2bc01c81cb59d,1123181487724880513439973775691135905617185922999675785735346651665310465600,66555238147087141326890781393544796816157189568914597302937861704780416330109,Will Tesla (TSLA) finish week of January 12 above $440?,clob_midpoint,clob_midpoint
2026-01-16 19:58:25.405534+00:00,TSLA,tsla-above-on-january-16-2026,2026-01-16 21:00:00+00:00,435.0,440.2399902,1.2045955,0.0427615,1e-05,0.76,0.24,1.0,0.0,-0.24,0.24,0.24,-0.24,BUY_YES,0.24,12.0,3.0,1146617,0xd9afd797ee442870972d23c09430dd348c8e023bb2523dc8421808f42492d833,94970705529918687119124551323054595034465888499167075782814757904593115436007,102708651331432547558963458086878665392238764669001189195638013228426515193966,Will Tesla (TSLA) finish week of January 12 above $435?,clob_midpoint,clob_midpoint
2026-01-16 19:58:25.405534+00:00,TSLA,tsla-above-on-january-16-2026,2026-01-16 21:00:00+00:00,430.0,440.2399902,2.3813931,0.0427615,1e-05,0.7745,0.2255,1.0,0.0,-0.2255,0.2255,0.2255,-0.2255,BUY_YES,0.2255,11.275,4.0,1146616,0x93c8cbd6a0ac956b4283c1a1c669a1ad6f7d2f218c05cf9bd6da6ce03fd69a01,740261102356380796907060130698897625817350572262647119336142572034043436423,63097602064501081533834312345720140343261936373364001992581866361951141398195,Will Tesla (TSLA) finish week of January 12 above $430?,clob_midpoint,clob_midpoint
2026-01-16 19:58:25.405534+00:00,TSLA,tsla-above-on-january-16-2026,2026-01-16 21:00:00+00:00,455.0,440.2399902,-3.2439582,0.0427615,0.2695386,0.061,0.939,0.0,1.0,0.061,-0.061,-0.061,0.061,BUY_NO,0.061,0.2263127,5.0,1146621,0x33bc9c0073bf765f41fba37b17ceeeb5f9ec0308d18b12fbcefe93718f574605,2871128455592533655512236482929601138551071717535948407288348994785767512671,96788522591619208935888351556499881646554410169186409543952363687553539240589,Will Tesla (TSLA) finish week of January 12 above $455?,clob_midpoint,clob_midpoint
2026-01-16 19:58:25.405534+00:00,TSLA,tsla-above-on-january-16-2026,2026-01-16 21:00:00+00:00,425.0,440.2399902,3.5858801,0.0427615,1e-05,0.945,0.055,1.0,0.0,-0.055,0.055,0.055,-0.055,BUY_YES,0.055,2.75,6.0,1146615,0x28c02932182b92e4cf92d990f179e8433eb7b9728cb9a968747286dee5bb740f,105504241175911721476287455973855322668414728319798004321696452997998893453321,64727047877093449665351726672374009848713831359754071793218978655022149808208,Will Tesla (TSLA) finish week of January 12 above $425?,clob_midpoint,clob_midpoint
2026-01-16 19:58:25.405534+00:00,TSLA,tsla-above-on-january-16-2026,2026-01-16 21:00:00+00:00,460.0,440.2399902,-4.2956543,0.0427615,0.3203193,0.049,0.951,0.0,1.0,0.049,-0.049,-0.049,0.049,BUY_NO,0.049,0.1529724,7.0,1146622,0xb90fdbedc16dcb0079ca0d1a741fc0979a62c1a3f093ba56dec72f17cd0a2ef3,43469291217825965358831137204602173010073075320512239227971013328523270249912,10295555384923618358528611277194851061536615651726029460666826155700450966745,Will Tesla (TSLA) finish week of January 12 above $460?,clob_midpoint,clob_midpoint
2026-01-16 19:58:25.405534+00:00,TSLA,tsla-above-on-january-16-2026,2026-01-16 21:00:00+00:00,465.0,440.2399902,-5.3247333,0.0427615,0.3906311,0.0405,0.9595,0.0,1.0,0.0405,-0.0405,-0.0405,0.0405,BUY_NO,0.0405,0.1036784,8.0,1146623,0x0c828ac33d396670cc2973ab95eec04252c9f3f11f62c6b09956f39804647986,55784631183486385063291745461797781947562197756782451775732265440279530196556,41230450048549730886671536692611958622726043400561535633528279982020300476104,Will Tesla (TSLA) finish week of January 12 above $465?,clob_midpoint,clob_midpoint
2026-01-16 19:58:25.405534+00:00,TSLA,tsla-above-on-january-16-2026,2026-01-16 21:00:00+00:00,450.0,440.2399902,-2.1688911,0.0427615,0.1875081,0.0305,0.9695,0.0,1.0,0.0305,-0.0305,-0.0305,0.0305,BUY_NO,0.0305,0.1626596,9.0,1146620,0x3473356af737726f318554bd56a225cb7c7bb993d24fefd45ce85240a9235070,54026796755798880029508561147784173771611738994549445142695508290451502739395,114600741304650600531207314070226363759816350624803258290542162655984454813624,Will Tesla (TSLA) finish week of January 12 above $450?,clob_midpoint,clob_midpoint
2026-01-16 19:58:25.405534+00:00,TSLA,tsla-above-on-january-16-2026,2026-01-16 21:00:00+00:00,415.0,440.2399902,6.0819254,0.0427615,1e-05,0.976,0.024,1.0,0.0,-0.024,0.024,0.024,-0.024,BUY_YES,0.024,1.2,10.0,1146613,0x59db4b7ab8eee8d377cbd5013f79620e50e8c201b7842d75e47142abef0db408,114192058302944316836348000131708618540525622683493725150708677289191168150283,22103491435575777306032820235054407011804018124438809762254523035978268053088,Will Tesla (TSLA) finish week of January 12 above $415?,clob_midpoint,clob_midpoint
2026-01-16 19:58:25.405534+00:00,TSLA,tsla-above-on-january-16-2026,2026-01-16 21:00:00+00:00,410.0,440.2399902,7.3756074,0.0427615,1e-05,0.9925,0.0075,1.0,0.0,-0.0075,0.0075,0.0075,-0.0075,BUY_YES,0.0075,0.375,11.0,1146612,0xf404304b131d482824996fadf11af174c01138933bfd51c312bdc2dcbce980fe,63181202230531532805057807479301925790072970730440849690861281118574722914824,104346753470345357598583487459636211447259889601079630200400794340866231030901,Will Tesla (TSLA) finish week of January 12 above $410?,clob_midpoint,clob_midpoint
2026-01-16 19:58:25.405534+00:00,TSLA,tsla-above-on-january-16-2026,2026-01-16 21:00:00+00:00,420.0,440.2399902,4.8190453,0.0427615,1e-05,0.995,0.005,1.0,0.0,-0.005,0.005,0.005,-0.005,BUY_YES,0.005,0.25,12.0,1146614,0xdd78b08ae0c946b6c1e87ed901b0ba4907ed65eb2f6b8ba14e512e3ca6ed933c,47212989705009823687029470115472975493335909912259162050368859156068362812957,104595691874283617097516870631190665687740969110867301211892202254963791827318,Will Tesla (TSLA) finish week of January 12 above $420?,clob_midpoint,clob_midpoint
2026-01-16 19:58:25.405534+00:00,TSLA,tsla-above-on-january-16-2026,2026-01-16 21:00:00+00:00,405.0,440.2399902,8.7012322,0.0427615,0.9956055,0.9995,0.0005,1.0,0.0,-0.0005,0.0005,0.0005,-0.0005,BUY_YES,0.0005,0.0005022,13.0,1146611,0xa8d22b85a210dc110b5beeb1ab16757313d39d52f4de0e3d58280dc5c4a8fcf1,98999486153200807079950643617276198911944258403922947742889598058839087407215,65371863233722141107096598129149579955940417648266865984778379211047179518289,Will Tesla (TSLA) finish week of January 12 above $405?,clob_midpoint,clob_midpoint
